<?xml version="1.0" encoding="UTF-8"?>
<model package="uicmpgenerator" baseClass="xPDOObject" platform="mysql" defaultEngine="MyISAM" version="1.1">
	<object class="Uicmpgenerator" table="uicmpgenerator" extends="xPDOSimpleObject">
		<field key="package" dbtype="varchar" precision="225" phptype="string" null="false" />
		<field key="database" dbtype="varchar" precision="128" phptype="string" null="true" />
		<field key="table_prefix" dbtype="varchar" precision="255" phptype="string" null="true" />
		<field key="scheme" dbtype="text" phptype="string" null="true" />
		<field key="properties" dbtype="mediumtext" phptype="string" null="true" />
		<field key="build_scheme" dbtype="int" precision="1" phptype="integer" null="true" />
		<field key="build_package" dbtype="int" precision="1" phptype="integer" null="true" />
		<field key="create_date" dbtype="timestamp" phptype="timestamp" null="true" />
		<field key="last_ran" dbtype="timestamp" phptype="timestamp" null="true" />
	</object>
</model>